id,first_name,last_name,email,gender,ip_address
1,Gilbertine,Laughrey,glaughrey0@amazon.com,Female,20.231.153.125
2,Cyrillus,Starbucke,cstarbucke1@twitter.com,Male,82.104.211.170
3,Maurene,Radenhurst,mradenhurst2@cpanel.net,Female,19.157.107.234
4,Monroe,Benford,mbenford3@cocolog-nifty.com,Male,50.174.225.106
5,Gertrude,MacLice,gmaclice4@ft.com,Female,2.64.40.189
6,Erik,Lenney,elenney5@cbc.ca,Male,175.111.197.104
7,Owen,Renfield,orenfield6@telegraph.co.uk,Male,17.78.17.220
8,Dom,Cranage,dcranage7@wix.com,Male,0.15.190.44
9,Gerard,Simond,gsimond8@gnu.org,Male,161.19.155.132
10,Christophe,Bispham,cbispham9@engadget.com,Male,21.134.189.91
11,Dalton,McCloud,dmcclouda@webmd.com,Male,18.35.61.160
12,Sigismond,McGuffie,smcguffieb@pbs.org,Male,255.21.26.232
13,Llywellyn,Hassey,lhasseyc@surveymonkey.com,Male,191.233.164.28
14,Sigfrid,Stainfield,sstainfieldd@yellowpages.com,Male,126.146.131.123
15,Windy,Duffan,wduffane@army.mil,Female,195.173.159.62
16,Emmy,Allett,eallettf@reuters.com,Female,108.179.103.217
17,Jeromy,FitzGeorge,jfitzgeorgeg@tiny.cc,Male,44.154.104.68
18,Almeta,Rackam,arackamh@prnewswire.com,Female,81.153.222.167
19,Harold,Whipple,hwhipplei@weibo.com,Male,247.57.9.170
20,Kalil,Goggey,kgoggeyj@posterous.com,Male,65.208.113.208
21,Franky,Urion,furionk@dion.ne.jp,Male,254.208.169.132
22,Teodoor,Rasor,trasorl@fastcompany.com,Male,197.217.97.172
23,Nickolas,Sidnall,nsidnallm@boston.com,Male,135.70.173.47
24,Lombard,Wreakes,lwreakesn@dropbox.com,Male,67.12.91.158
25,Joby,Joslow,jjoslowo@yelp.com,Female,223.216.12.9
26,Abe,Rawdall,arawdallp@topsy.com,Male,234.42.188.157
27,Corrina,Ghirardi,cghirardiq@blogtalkradio.com,Female,64.6.76.27
28,Yorgo,Corss,ycorssr@alibaba.com,Male,20.91.185.25
29,Northrup,Perillo,nperillos@google.ca,Male,7.123.196.241
30,Yale,Buckett,ybuckettt@oaic.gov.au,Male,50.209.254.216
31,Jaime,Sterland,jsterlandu@unblog.fr,Female,96.54.214.231
32,Deny,Hudd,dhuddv@si.edu,Female,128.162.91.164
33,Eloisa,Swadlen,eswadlenw@e-recht24.de,Female,66.242.186.238
34,Kingsly,Dyson,kdysonx@desdev.cn,Male,70.109.49.75
35,Laurence,Witherspoon,lwitherspoony@loc.gov,Male,8.33.80.191
36,Stinky,Matejic,smatejicz@ca.gov,Male,106.60.1.183
37,Kendall,Haseman,khaseman10@usgs.gov,Male,213.42.56.183
38,Fifine,Frigot,ffrigot11@telegraph.co.uk,Female,103.65.151.139
39,Drusi,Card,dcard12@ning.com,Female,177.232.71.37
40,Dilan,June,djune13@examiner.com,Male,80.93.60.56
41,Hillard,Clacey,hclacey14@craigslist.org,Male,2.129.134.107
42,Gradeigh,Chapelhow,gchapelhow15@umich.edu,Male,111.65.114.127
43,Henry,Penhall,hpenhall16@amazon.de,Male,86.139.146.114
44,Korrie,Sworne,ksworne17@independent.co.uk,Female,130.113.254.132
45,Crosby,Muge,cmuge18@blogspot.com,Male,152.104.154.106
46,Kaylee,Sawbridge,ksawbridge19@tripod.com,Female,218.226.21.162
47,Miran,Looney,mlooney1a@storify.com,Female,129.195.55.166
48,Renaud,Buzine,rbuzine1b@unesco.org,Male,6.36.183.70
49,Alfonso,Gradon,agradon1c@smh.com.au,Male,216.85.222.197
50,Stefa,Lalonde,slalonde1d@squidoo.com,Female,38.216.58.240
51,Lorie,Aicken,laicken1e@aboutads.info,Female,190.104.193.39
52,Koo,Palfreeman,kpalfreeman1f@cafepress.com,Female,160.39.101.130
53,Rea,Morrell,rmorrell1g@youtu.be,Female,125.222.18.28
54,Wesley,Instrell,winstrell1h@columbia.edu,Male,93.11.85.202
55,Horst,Scneider,hscneider1i@vk.com,Male,152.237.69.52
56,Zorina,Snoddon,zsnoddon1j@goo.ne.jp,Female,168.137.43.7
57,Kent,Edrich,kedrich1k@who.int,Male,165.28.191.221
58,Rich,Paunsford,rpaunsford1l@tmall.com,Male,137.113.179.158
59,Jdavie,Bembridge,jbembridge1m@multiply.com,Male,140.252.207.64
60,Josiah,Splain,jsplain1n@constantcontact.com,Male,238.97.150.218
61,Nerissa,Fletham,nfletham1o@vimeo.com,Female,139.129.173.255
62,Friedrich,Billyeald,fbillyeald1p@delicious.com,Male,155.117.154.36
63,Margaretha,Minguet,mminguet1q@technorati.com,Female,59.167.83.0
64,Adolphe,Decourcy,adecourcy1r@slideshare.net,Male,217.83.244.159
65,Bernelle,Brandacci,bbrandacci1s@joomla.org,Female,16.104.70.149
66,Kordula,Conti,kconti1t@taobao.com,Female,208.143.213.245
67,Dagny,Sully,dsully1u@hao123.com,Male,138.52.145.192
68,Xerxes,Ditzel,xditzel1v@storify.com,Male,97.254.154.80
69,Carmine,Petronis,cpetronis1w@youtube.com,Male,53.83.115.163
70,Netty,Wrench,nwrench1x@vinaora.com,Female,51.222.215.120
71,Demetre,Sackes,dsackes1y@house.gov,Male,245.232.9.252
72,Regen,Gwinnell,rgwinnell1z@diigo.com,Male,32.155.198.194
73,Querida,Dumigan,qdumigan20@scribd.com,Female,52.194.4.210
74,Ulrich,Brearley,ubrearley21@springer.com,Male,10.90.96.130
75,Cherey,Jepson,cjepson22@histats.com,Female,20.44.81.67
76,Veronika,Dudenie,vdudenie23@ucla.edu,Female,6.196.5.14
77,Cheston,Tyas,ctyas24@toplist.cz,Male,163.219.8.128
78,Bar,Portal,bportal25@yellowpages.com,Male,59.91.40.143
79,Caleb,McCafferty,cmccafferty26@oracle.com,Male,193.56.53.219
80,Sophie,Rounsivall,srounsivall27@csmonitor.com,Female,42.152.224.95
81,Quill,Lilly,qlilly28@google.co.uk,Male,23.19.213.244
82,Baily,Quince,bquince29@rediff.com,Male,8.95.5.185
83,Binky,Furman,bfurman2a@vkontakte.ru,Male,48.149.175.57
84,Merle,Persehouse,mpersehouse2b@so-net.ne.jp,Female,219.97.159.50
85,Danna,Sarney,dsarney2c@toplist.cz,Female,130.66.90.92
86,Torrin,Yorkston,tyorkston2d@statcounter.com,Male,118.246.63.212
87,Eugine,Dome,edome2e@vkontakte.ru,Female,57.157.203.8
88,Marta,Livesley,mlivesley2f@hud.gov,Female,99.7.180.126
89,Carmine,GiacobbiniJacob,cgiacobbinijacob2g@uiuc.edu,Male,240.120.14.114
90,Kerr,Hollibone,khollibone2h@globo.com,Male,150.50.205.204
91,Giles,d' Eye,gdeye2i@netvibes.com,Male,154.173.46.194
92,Pippa,Mayo,pmayo2j@vinaora.com,Female,133.89.89.240
93,Hermann,Shadbolt,hshadbolt2k@about.com,Male,233.133.27.245
94,Mada,Powlesland,mpowlesland2l@so-net.ne.jp,Female,147.216.114.116
95,Amble,Lucia,alucia2m@businesswire.com,Male,158.103.157.77
96,Estrellita,Dechelette,edechelette2n@cnbc.com,Female,141.123.57.113
97,Eugen,Cokly,ecokly2o@hatena.ne.jp,Male,165.11.19.162
98,Bertha,Fassum,bfassum2p@tuttocitta.it,Female,128.164.40.32
99,Wadsworth,Yearby,wyearby2q@netlog.com,Male,252.17.182.28
100,Sterling,Ciabatteri,sciabatteri2r@twitter.com,Male,177.174.176.97
101,Tarah,McTrusty,tmctrusty2s@shareasale.com,Female,10.8.64.180
102,Andrey,Hapgood,ahapgood2t@icq.com,Male,33.223.90.158
103,Freddi,Soldner,fsoldner2u@bbc.co.uk,Female,247.123.192.76
104,Marita,Van der Daal,mvanderdaal2v@ucoz.com,Female,28.10.107.51
105,Juan,Rennie,jrennie2w@tripadvisor.com,Male,109.32.48.147
106,Philippine,Southard,psouthard2x@php.net,Female,235.199.124.236
107,Francisco,Rackley,frackley2y@xrea.com,Male,233.33.219.101
108,Averil,Heckney,aheckney2z@bloglines.com,Female,203.94.174.159
109,Desmund,Grishankov,dgrishankov30@columbia.edu,Male,253.126.60.72
110,Clemence,Grishakin,cgrishakin31@forbes.com,Female,3.159.0.185
111,Clarette,Salthouse,csalthouse32@mac.com,Female,41.229.59.36
112,Corby,Vogt,cvogt33@theatlantic.com,Male,62.67.11.14
113,Francoise,Pasmore,fpasmore34@webnode.com,Female,70.193.189.108
114,Didi,Peyes,dpeyes35@mlb.com,Female,202.187.189.174
115,Brent,Sweetenham,bsweetenham36@senate.gov,Male,242.230.122.37
116,Cletus,Boniface,cboniface37@issuu.com,Male,227.96.212.120
117,Sibley,Alston,salston38@amazon.com,Female,229.4.181.139
118,Chaddie,Brendeke,cbrendeke39@discuz.net,Male,174.218.136.113
119,Vanya,Dowglass,vdowglass3a@dropbox.com,Male,28.76.68.117
120,Keefe,Cale,kcale3b@constantcontact.com,Male,251.119.184.246
121,Cullie,Syalvester,csyalvester3c@reddit.com,Male,127.208.214.74
122,Letta,Takos,ltakos3d@hc360.com,Female,134.147.19.221
123,Josh,Culleton,jculleton3e@illinois.edu,Male,209.126.195.252
124,Roseann,Ewens,rewens3f@nhs.uk,Female,253.186.59.54
125,Craig,Bremmer,cbremmer3g@macromedia.com,Male,219.205.233.64
126,Hobart,Peever,hpeever3h@github.io,Male,120.50.252.217
127,Cherianne,Prentice,cprentice3i@elegantthemes.com,Female,206.110.74.5
128,Corene,O'Hollegan,cohollegan3j@state.tx.us,Female,109.147.28.148
129,Millicent,Crasswell,mcrasswell3k@blinklist.com,Female,45.249.140.250
130,Denis,Breeze,dbreeze3l@wufoo.com,Male,135.162.97.95
131,Trenna,Merritt,tmerritt3m@toplist.cz,Female,28.94.3.228
132,Keri,Hansley,khansley3n@nytimes.com,Female,143.53.60.47
133,Ivory,Orteaux,iorteaux3o@acquirethisname.com,Female,26.87.159.82
134,Jo,Leek,jleek3p@naver.com,Male,52.187.211.132
135,Quintin,Burree,qburree3q@yahoo.co.jp,Male,80.213.76.54
136,Darb,MacCroary,dmaccroary3r@infoseek.co.jp,Male,123.236.233.16
137,Sawyere,Sizey,ssizey3s@barnesandnoble.com,Male,121.191.31.223
138,Tonie,Kynsey,tkynsey3t@ftc.gov,Female,98.49.31.234
139,Alexio,Krzyzowski,akrzyzowski3u@elpais.com,Male,208.53.110.138
140,Therese,Sarsons,tsarsons3v@cnbc.com,Female,6.217.222.101
141,Ivan,Grieger,igrieger3w@networkadvertising.org,Male,124.210.147.162
142,Charmane,MacCallam,cmaccallam3x@ameblo.jp,Female,155.101.76.116
143,Aguistin,Durram,adurram3y@chronoengine.com,Male,175.56.184.68
144,Shayne,Pifford,spifford3z@homestead.com,Female,67.33.13.231
145,Tonya,Linskey,tlinskey40@biblegateway.com,Female,221.156.167.68
146,Evyn,Hambidge,ehambidge41@dailymotion.com,Male,124.152.52.213
147,Bella,Akester,bakester42@imdb.com,Female,236.196.51.161
148,Westbrook,Bremmell,wbremmell43@wired.com,Male,4.250.217.253
149,Gianni,Thomson,gthomson44@prnewswire.com,Male,76.17.38.41
150,Dian,Nutbean,dnutbean45@exblog.jp,Female,35.136.65.164
151,Oberon,Camacke,ocamacke46@so-net.ne.jp,Male,25.164.20.5
152,Reube,Ingleton,ringleton47@bizjournals.com,Male,138.244.234.241
153,Bathsheba,Celler,bceller48@theatlantic.com,Female,68.126.14.63
154,Jayne,Skelcher,jskelcher49@simplemachines.org,Female,27.242.106.111
155,Nathan,Cyson,ncyson4a@biblegateway.com,Male,50.25.237.111
156,Richard,Dawkes,rdawkes4b@abc.net.au,Male,56.238.228.161
157,Eddy,Aulton,eaulton4c@parallels.com,Male,75.188.244.2
158,Jeana,Eversfield,jeversfield4d@squarespace.com,Female,68.129.81.149
159,Sterling,Maypole,smaypole4e@tmall.com,Male,253.241.158.161
160,Madelena,Andraud,mandraud4f@hud.gov,Female,56.13.128.208
161,Jennilee,McGrath,jmcgrath4g@chicagotribune.com,Female,49.230.92.21
162,Steven,Hulson,shulson4h@arstechnica.com,Male,121.182.112.175
163,Terencio,Wattingham,twattingham4i@businesswire.com,Male,213.1.75.65
164,Patric,Cathro,pcathro4j@springer.com,Male,116.135.83.193
165,Samara,Baptist,sbaptist4k@ask.com,Female,143.253.75.122
166,Loren,McCome,lmccome4l@google.ca,Male,253.28.96.179
167,Freddy,Stanbrooke,fstanbrooke4m@topsy.com,Female,208.199.225.241
168,Modesta,Ianitti,mianitti4n@dmoz.org,Female,64.91.215.209
169,Stephanus,Bere,sbere4o@wiley.com,Male,170.58.196.75
170,Rosetta,Ledwich,rledwich4p@nasa.gov,Female,194.115.50.78
171,Clayton,Mulvin,cmulvin4q@google.es,Male,9.250.158.14
172,Eartha,Cicerone,ecicerone4r@examiner.com,Female,237.104.217.221
173,Casey,Morican,cmorican4s@a8.net,Male,161.238.165.34
174,Gardner,Tindley,gtindley4t@issuu.com,Male,229.147.152.128
175,Dorella,Knoble,dknoble4u@usa.gov,Female,77.252.31.0
176,Dorris,Middlebrook,dmiddlebrook4v@nbcnews.com,Female,66.52.36.130
177,Wit,Bransdon,wbransdon4w@free.fr,Male,81.139.79.110
178,Alisun,Graves,agraves4x@dmoz.org,Female,206.202.134.10
179,Levy,Densell,ldensell4y@canalblog.com,Male,253.29.149.81
180,Dale,Heliet,dheliet4z@sfgate.com,Male,45.85.212.25
181,Hollis,Heaslip,hheaslip50@naver.com,Male,178.230.248.112
182,Palm,Sirey,psirey51@techcrunch.com,Male,124.122.176.231
183,Aretha,Marner,amarner52@booking.com,Female,211.47.229.180
184,Lanny,Likly,llikly53@eepurl.com,Male,180.250.92.111
185,Alan,Tatersale,atatersale54@forbes.com,Male,129.56.61.238
186,Velvet,Sambeck,vsambeck55@nsw.gov.au,Female,18.6.63.136
187,Karissa,Konzelmann,kkonzelmann56@blogspot.com,Female,69.94.174.140
188,Elvera,Irving,eirving57@edublogs.org,Female,111.140.76.99
189,Edythe,Eayrs,eeayrs58@topsy.com,Female,79.39.138.58
190,Toddy,Bestar,tbestar59@paginegialle.it,Male,235.121.37.108
191,Elianora,Walcar,ewalcar5a@apple.com,Female,203.73.40.214
192,Teresa,Bourgeois,tbourgeois5b@jimdo.com,Female,177.37.138.220
193,Madison,Harron,mharron5c@flickr.com,Male,10.30.166.102
194,Kata,Hearst,khearst5d@blogspot.com,Female,238.139.249.53
195,Kennith,Salzen,ksalzen5e@netlog.com,Male,72.63.100.107
196,Myrtle,Collaton,mcollaton5f@themeforest.net,Female,117.34.134.65
197,Carey,Roly,croly5g@wikia.com,Female,250.114.131.199
198,Claribel,Lamanby,clamanby5h@devhub.com,Female,123.30.12.49
199,Mia,Winsley,mwinsley5i@tripod.com,Female,81.143.14.116
200,Durante,Schulz,dschulz5j@pagesperso-orange.fr,Male,242.221.57.254
201,Felice,Kell,fkell5k@amazonaws.com,Male,127.26.97.65
202,Alaric,Shory,ashory5l@networksolutions.com,Male,162.146.180.30
203,Averil,Pedron,apedron5m@devhub.com,Female,140.211.70.60
204,Marilyn,Pickton,mpickton5n@techcrunch.com,Female,8.193.48.231
205,Joachim,Jaffrey,jjaffrey5o@dot.gov,Male,136.68.178.3
206,Aaren,Hay,ahay5p@zimbio.com,Female,124.8.123.232
207,Cherin,Chinn,cchinn5q@state.tx.us,Female,238.75.117.232
208,Jakie,Sheerin,jsheerin5r@networkadvertising.org,Male,8.131.185.32
209,Morten,Bennetts,mbennetts5s@redcross.org,Male,200.59.208.187
210,Alonzo,Crankhorn,acrankhorn5t@furl.net,Male,192.235.16.50
211,Rachelle,Keough,rkeough5u@psu.edu,Female,228.6.69.80
212,Maddy,Volks,mvolks5v@sohu.com,Male,128.215.106.254
213,Adrianne,Skinn,askinn5w@nsw.gov.au,Female,68.164.143.10
214,Travers,Feechan,tfeechan5x@people.com.cn,Male,65.236.84.255
215,Willa,Verdun,wverdun5y@meetup.com,Female,188.0.141.58
216,Hank,Postins,hpostins5z@chicagotribune.com,Male,243.38.204.31
217,Royal,Thomazin,rthomazin60@ebay.co.uk,Male,206.76.85.133
218,Beulah,Isakov,bisakov61@sfgate.com,Female,50.199.231.45
219,Giustino,Jessel,gjessel62@senate.gov,Male,199.213.163.33
220,Giorgio,Bowerbank,gbowerbank63@angelfire.com,Male,206.205.96.36
221,Barry,Zylbermann,bzylbermann64@umn.edu,Male,207.225.118.39
222,Shoshana,Saleway,ssaleway65@google.es,Female,10.191.168.123
223,Joellen,Quinnelly,jquinnelly66@sbwire.com,Female,116.243.151.87
224,Katrina,Prescot,kprescot67@lycos.com,Female,107.212.39.67
225,Jacky,De Matteis,jdematteis68@princeton.edu,Female,117.237.207.150
226,Kile,Cornbill,kcornbill69@go.com,Male,34.254.146.250
227,Colby,Sara,csara6a@google.fr,Male,212.160.202.23
228,Kaspar,Ludlamme,kludlamme6b@slashdot.org,Male,57.145.68.244
229,Wiley,Thake,wthake6c@ca.gov,Male,211.245.185.6
230,Godart,Micklem,gmicklem6d@msu.edu,Male,69.40.225.124
231,Adara,Guppey,aguppey6e@un.org,Female,19.187.225.182
232,Domenico,Whetnall,dwhetnall6f@mapy.cz,Male,14.185.241.40
233,Dominica,Scolli,dscolli6g@freewebs.com,Female,213.28.146.34
234,Nealson,Loveman,nloveman6h@abc.net.au,Male,146.130.90.108
235,Kaine,Peterffy,kpeterffy6i@apache.org,Male,88.122.54.194
236,Joycelin,Axelbee,jaxelbee6j@msu.edu,Female,125.145.139.22
237,Waldo,Melwall,wmelwall6k@princeton.edu,Male,159.184.251.37
238,Zane,Attwool,zattwool6l@elpais.com,Male,84.73.201.73
239,Chalmers,Bourrel,cbourrel6m@guardian.co.uk,Male,151.248.24.222
240,Ulrike,Maryet,umaryet6n@wisc.edu,Female,165.112.218.103
241,Margarete,Giacubbo,mgiacubbo6o@theglobeandmail.com,Female,39.245.176.56
242,Reginauld,Mcmanaman,rmcmanaman6p@tumblr.com,Male,106.161.125.78
243,Ondrea,Stelfox,ostelfox6q@xrea.com,Female,195.208.184.89
244,Dinny,Chimenti,dchimenti6r@nhs.uk,Female,65.114.17.197
245,Kalindi,Lantaph,klantaph6s@nature.com,Female,17.165.79.227
246,Demetre,Baldree,dbaldree6t@prlog.org,Male,30.128.181.235
247,Jacinthe,Kemm,jkemm6u@bbb.org,Female,51.73.255.59
248,Langston,Tarquinio,ltarquinio6v@buzzfeed.com,Male,158.245.146.215
249,Merna,Youle,myoule6w@mapquest.com,Female,250.46.170.27
250,Billy,Kleinber,bkleinber6x@comsenz.com,Female,185.104.230.228
251,Blakelee,Lesor,blesor6y@macromedia.com,Female,83.107.133.164
252,Edita,Gratrex,egratrex6z@fema.gov,Female,166.249.30.49
253,Lianna,Satterfitt,lsatterfitt70@shinystat.com,Female,84.182.42.199
254,Duky,Di Franceshci,ddifranceshci71@time.com,Male,58.11.237.217
255,Kellia,Banasik,kbanasik72@zdnet.com,Female,147.130.235.229
256,Bobby,Durning,bdurning73@bloomberg.com,Female,47.33.28.106
257,Aylmer,Fellow,afellow74@exblog.jp,Male,113.67.237.210
258,Nicolea,Deedes,ndeedes75@pen.io,Female,6.205.42.146
259,Urson,Ascraft,uascraft76@seesaa.net,Male,170.153.229.152
260,Allegra,Postins,apostins77@toplist.cz,Female,70.12.124.112
261,Jordon,Frascone,jfrascone78@epa.gov,Male,220.163.72.192
262,Hyacintha,Orable,horable79@state.tx.us,Female,150.85.200.121
263,Fanny,Fancourt,ffancourt7a@marriott.com,Female,53.58.28.213
264,Waly,Rambaut,wrambaut7b@admin.ch,Female,215.210.24.105
265,Prentice,Brandolini,pbrandolini7c@g.co,Male,203.71.109.194
266,Valentine,Flory,vflory7d@webeden.co.uk,Male,238.251.155.78
267,Billy,Porker,bporker7e@bandcamp.com,Female,43.198.86.13
268,Freeland,Clilverd,fclilverd7f@4shared.com,Male,118.218.230.165
269,Angus,Armes,aarmes7g@cnet.com,Male,181.125.131.53
270,Raddie,Heinicke,rheinicke7h@geocities.com,Male,119.209.193.58
271,Wendy,Finn,wfinn7i@jalbum.net,Female,209.23.139.102
272,Wilona,Rykert,wrykert7j@comsenz.com,Female,175.145.161.48
273,Kesley,Joseph,kjoseph7k@moonfruit.com,Female,134.167.25.144
274,Melinde,Blakiston,mblakiston7l@youtube.com,Female,188.239.85.184
275,Isobel,Playhill,iplayhill7m@npr.org,Female,152.170.32.82
276,Arie,Coppen,acoppen7n@cornell.edu,Male,236.84.17.60
277,Candide,Hamshere,chamshere7o@abc.net.au,Female,108.218.170.2
278,Randene,Izod,rizod7p@soup.io,Female,192.11.175.126
279,Yurik,Rekes,yrekes7q@ucoz.ru,Male,24.218.101.75
280,Tyne,Wantling,twantling7r@exblog.jp,Female,208.173.90.88
281,Yurik,Strooband,ystrooband7s@yellowbook.com,Male,155.96.22.63
282,Ninnetta,Lisciandri,nlisciandri7t@blogspot.com,Female,24.31.19.202
283,Augustine,Dominelli,adominelli7u@yolasite.com,Male,127.124.151.32
284,Tedie,Huck,thuck7v@jiathis.com,Male,243.7.118.245
285,Rachael,Jude,rjude7w@cbc.ca,Female,11.9.208.162
286,Caritta,Sadry,csadry7x@liveinternet.ru,Female,249.250.222.59
287,Risa,Tincey,rtincey7y@theatlantic.com,Female,118.170.212.194
288,Darrick,Wharby,dwharby7z@zdnet.com,Male,220.194.150.109
289,Penny,Bouldstridge,pbouldstridge80@w3.org,Male,133.174.107.66
290,Shell,Grimm,sgrimm81@noaa.gov,Female,247.23.148.81
291,Cheri,Usherwood,cusherwood82@comcast.net,Female,201.233.66.105
292,Kristin,Abbots,kabbots83@fc2.com,Female,124.163.129.180
293,Agata,Gerckens,agerckens84@privacy.gov.au,Female,224.19.84.215
294,Jarrod,De Francisci,jdefrancisci85@odnoklassniki.ru,Male,77.157.7.60
295,Gordon,Hackinge,ghackinge86@bbb.org,Male,115.215.199.157
296,Leonid,Udie,ludie87@w3.org,Male,58.210.102.207
297,Corabel,Le Hucquet,clehucquet88@cornell.edu,Female,145.240.41.128
298,Zelig,Heintzsch,zheintzsch89@reddit.com,Male,55.199.188.174
299,Cordie,Sighart,csighart8a@technorati.com,Male,220.135.177.188
300,Ebony,Linster,elinster8b@bbb.org,Female,68.48.207.22
301,Giacomo,Suerz,gsuerz8c@issuu.com,Male,243.133.81.167
302,Ninnetta,Guiver,nguiver8d@washingtonpost.com,Female,209.194.15.150
303,Josiah,Paterson,jpaterson8e@cbsnews.com,Male,166.50.191.66
304,Sandie,Caudelier,scaudelier8f@psu.edu,Female,143.85.9.97
305,Merwyn,Tryme,mtryme8g@ycombinator.com,Male,231.167.113.58
306,Allen,Searson,asearson8h@reference.com,Male,4.200.73.13
307,Batholomew,Brede,bbrede8i@addtoany.com,Male,246.76.245.35
308,Baird,Speedin,bspeedin8j@discuz.net,Male,195.63.60.76
309,Dorie,Neumann,dneumann8k@ed.gov,Male,32.41.117.124
310,Elbert,McEntegart,emcentegart8l@ed.gov,Male,200.86.141.119
311,Fran,Record,frecord8m@nydailynews.com,Female,2.93.59.105
312,Morley,Winfield,mwinfield8n@tuttocitta.it,Male,141.251.112.180
313,Lebbie,Greenlees,lgreenlees8o@a8.net,Female,160.110.30.102
314,Roxana,Lefeuvre,rlefeuvre8p@sfgate.com,Female,28.180.60.2
315,Sonni,Gianettini,sgianettini8q@quantcast.com,Female,101.2.158.165
316,Melinda,Kelsey,mkelsey8r@unc.edu,Female,98.120.184.206
317,Luci,Lockie,llockie8s@nba.com,Female,1.93.193.135
318,Nicolai,Lowndesbrough,nlowndesbrough8t@harvard.edu,Male,43.85.12.254
319,Carmela,Villaron,cvillaron8u@uol.com.br,Female,90.175.196.66
320,Tonya,Jobson,tjobson8v@diigo.com,Female,209.207.31.77
321,Ky,Kilbourn,kkilbourn8w@deviantart.com,Male,185.237.20.244
322,Rea,Tieman,rtieman8x@multiply.com,Female,183.236.138.199
323,Hanna,Jeffcoate,hjeffcoate8y@cdc.gov,Female,17.0.39.24
324,Juanita,Ginnell,jginnell8z@purevolume.com,Female,110.87.113.156
325,Ray,Vanns,rvanns90@cafepress.com,Female,27.122.231.13
326,Timoteo,Jean,tjean91@1688.com,Male,182.242.91.45
327,Shelden,Cramb,scramb92@is.gd,Male,174.247.6.137
328,Tremayne,Sneyd,tsneyd93@reverbnation.com,Male,166.183.68.173
329,Ella,Yurchenko,eyurchenko94@flickr.com,Female,209.92.252.236
330,Scott,Piesold,spiesold95@google.fr,Male,218.232.142.241
331,Minette,Nursey,mnursey96@whitehouse.gov,Female,152.144.37.7
332,Sabine,Kilbourne,skilbourne97@yelp.com,Female,182.171.69.234
333,Anya,Vanyashkin,avanyashkin98@livejournal.com,Female,54.255.247.177
334,Dena,McBrady,dmcbrady99@posterous.com,Female,196.201.71.123
335,Baxie,Impy,bimpy9a@mac.com,Male,91.244.51.212
336,Charlotte,Drinkhall,cdrinkhall9b@diigo.com,Female,112.176.230.165
337,Felic,Richin,frichin9c@statcounter.com,Male,101.37.236.52
338,Robinia,Lintin,rlintin9d@squidoo.com,Female,175.85.61.238
339,Andreas,Gouny,agouny9e@fc2.com,Male,74.117.189.10
340,Hamish,Banfield,hbanfield9f@examiner.com,Male,92.128.126.231
341,Sigfrid,Andrusov,sandrusov9g@china.com.cn,Male,73.175.86.221
342,Dillie,Mariault,dmariault9h@qq.com,Male,243.152.127.69
343,Erroll,Crawcour,ecrawcour9i@tinyurl.com,Male,134.71.68.95
344,Sonya,Hobden,shobden9j@csmonitor.com,Female,121.252.90.135
345,Adore,Beards,abeards9k@skype.com,Female,254.166.67.224
346,Wendall,MacFadzean,wmacfadzean9l@yolasite.com,Male,176.13.112.85
347,Thea,McLewd,tmclewd9m@phpbb.com,Female,139.201.4.42
348,Willetta,Regenhardt,wregenhardt9n@dedecms.com,Female,193.215.177.56
349,Demetrius,Benford,dbenford9o@va.gov,Male,54.132.40.14
350,Sashenka,Rowlstone,srowlstone9p@over-blog.com,Female,190.47.56.207
351,Rawley,Bullock,rbullock9q@walmart.com,Male,94.111.75.139
352,Angelico,McCurtin,amccurtin9r@spotify.com,Male,230.117.57.80
353,Avis,Nunson,anunson9s@angelfire.com,Female,0.155.44.46
354,Mignon,Querree,mquerree9t@techcrunch.com,Female,165.95.133.113
355,Gaby,Karlmann,gkarlmann9u@hubpages.com,Male,198.31.128.92
356,Merralee,Lindenfeld,mlindenfeld9v@hud.gov,Female,123.148.99.212
357,Scotty,De Wolfe,sdewolfe9w@technorati.com,Male,127.7.81.94
358,Pasquale,Crebo,pcrebo9x@unesco.org,Male,93.205.99.222
359,Emlen,Volonte,evolonte9y@google.it,Male,28.215.61.60
360,Kevon,Houselee,khouselee9z@phpbb.com,Male,159.251.117.189
361,Ermin,Trippitt,etrippitta0@google.es,Male,41.42.19.65
362,Langsdon,Blackster,lblackstera1@theglobeandmail.com,Male,88.59.136.178
363,Adler,Bridle,abridlea2@msn.com,Male,136.184.36.36
364,Gusella,Ozintsev,gozintseva3@sfgate.com,Female,79.250.49.112
365,Aldon,Noyes,anoyesa4@state.gov,Male,232.138.253.117
366,Randell,Biddiss,rbiddissa5@adobe.com,Male,153.85.59.181
367,Osmund,Mouton,omoutona6@tumblr.com,Male,228.223.223.77
368,Doro,Imlen,dimlena7@discovery.com,Female,253.250.70.228
369,Ellwood,Briand,ebrianda8@google.it,Male,148.177.175.20
370,Nicolea,Escofier,nescofiera9@goo.gl,Female,39.15.3.148
371,Jenine,Charlson,jcharlsonaa@github.io,Female,92.63.169.137
372,Boycie,Paradine,bparadineab@liveinternet.ru,Male,216.237.229.29
373,Alec,Starkings,astarkingsac@g.co,Male,250.232.2.235
374,Burlie,Swannack,bswannackad@psu.edu,Male,161.195.60.61
375,Rivy,McQuode,rmcquodeae@simplemachines.org,Female,148.123.30.43
376,Darryl,Walshaw,dwalshawaf@stumbleupon.com,Male,68.55.198.168
377,Umberto,Galilee,ugalileeag@imdb.com,Male,5.89.23.167
378,Flss,Servant,fservantah@reference.com,Female,166.225.57.150
379,Pernell,Fredson,pfredsonai@ucsd.edu,Male,71.230.92.41
380,Vale,Kitt,vkittaj@miibeian.gov.cn,Female,94.108.214.212
381,Row,Bagnell,rbagnellak@tinyurl.com,Female,200.224.114.247
382,Elysia,Ashbee,eashbeeal@hhs.gov,Female,97.53.246.136
383,Rainer,Gipps,rgippsam@shutterfly.com,Male,231.115.221.110
384,Giusto,Tillard,gtillardan@barnesandnoble.com,Male,197.239.90.220
385,Francoise,Gowry,fgowryao@microsoft.com,Female,193.208.43.6
386,Richard,Penny,rpennyap@pinterest.com,Male,13.15.223.12
387,Adelaida,Pettersen,apettersenaq@free.fr,Female,22.167.56.202
388,Wanda,Cowl,wcowlar@themeforest.net,Female,239.202.50.184
389,Hyacinthia,Levensky,hlevenskyas@shutterfly.com,Female,143.149.49.232
390,Adelaida,Merrin,amerrinat@bluehost.com,Female,73.109.18.169
391,Corrie,Crombleholme,ccrombleholmeau@webeden.co.uk,Male,168.125.38.36
392,Alexandros,Echalie,aechalieav@linkedin.com,Male,174.38.88.42
393,Ysabel,Mac,ymacaw@godaddy.com,Female,241.81.115.94
394,Peterus,Kanzler,pkanzlerax@t.co,Male,159.129.30.133
395,Lynsey,Witton,lwittonay@google.pl,Female,42.250.90.236
396,Veronique,Deary,vdearyaz@icq.com,Female,89.161.8.156
397,Wolfy,Kidstone,wkidstoneb0@amazon.co.jp,Male,241.175.221.123
398,Findley,Skamal,fskamalb1@dedecms.com,Male,196.195.173.229
399,Libby,Bartalucci,lbartaluccib2@qq.com,Female,118.99.233.192
400,Aili,Causer,acauserb3@bloglovin.com,Female,122.222.114.73
401,Wilden,Dowbekin,wdowbekinb4@mlb.com,Male,128.171.174.25
402,Shalna,Butland,sbutlandb5@bravesites.com,Female,137.221.213.47
403,Feliks,Partleton,fpartletonb6@icq.com,Male,34.34.211.170
404,Anthiathia,Klosterman,aklostermanb7@bizjournals.com,Female,96.25.177.215
405,Olive,Whitebread,owhitebreadb8@qq.com,Female,237.20.57.235
406,Stanislaus,Bonsul,sbonsulb9@1und1.de,Male,59.23.65.49
407,Neron,Flew,nflewba@dailymail.co.uk,Male,49.99.250.46
408,Kassia,Bishop,kbishopbb@prnewswire.com,Female,207.100.178.116
409,Mordy,Dana,mdanabc@netscape.com,Male,95.242.217.231
410,Whitman,Salamon,wsalamonbd@scribd.com,Male,79.155.93.133
411,Robby,Paszak,rpaszakbe@privacy.gov.au,Male,19.81.197.51
412,Benedicto,Rolstone,brolstonebf@paginegialle.it,Male,210.161.214.169
413,Brendis,Stebbings,bstebbingsbg@joomla.org,Male,12.74.162.108
414,Cele,Balshen,cbalshenbh@mozilla.org,Female,216.55.117.29
415,Pennie,Reynoollds,preynoolldsbi@zimbio.com,Female,159.43.86.152
416,Lucinda,Bobasch,lbobaschbj@unicef.org,Female,197.211.115.57
417,Floris,Biagini,fbiaginibk@wordpress.org,Female,165.99.197.178
418,Ulberto,Wride,uwridebl@economist.com,Male,65.192.243.89
419,Jermayne,Luis,jluisbm@storify.com,Male,105.231.142.35
420,Thane,McCroft,tmccroftbn@cnn.com,Male,227.63.51.168
421,Dav,Wickey,dwickeybo@oaic.gov.au,Male,192.162.196.81
422,Thedrick,Moger,tmogerbp@myspace.com,Male,119.234.169.203
423,Sasha,Klaiser,sklaiserbq@technorati.com,Male,164.215.254.115
424,Latrena,Bowdler,lbowdlerbr@buzzfeed.com,Female,195.138.229.44
425,Irita,Swatheridge,iswatheridgebs@ucoz.com,Female,5.233.254.141
426,Sunny,Pailin,spailinbt@dion.ne.jp,Male,24.77.95.89
427,Valli,Ventam,vventambu@example.com,Female,189.3.227.87
428,Gallard,Swancott,gswancottbv@so-net.ne.jp,Male,130.67.211.184
429,Annissa,O'Dowgaine,aodowgainebw@gravatar.com,Female,113.225.131.188
430,Edmund,Fosten,efostenbx@salon.com,Male,151.130.241.169
431,Drucy,Lisett,dlisettby@java.com,Female,133.114.187.160
432,Upton,Czajkowski,uczajkowskibz@myspace.com,Male,134.82.222.224
433,Car,Eeles,ceelesc0@stumbleupon.com,Male,54.82.178.14
434,Alanson,Seger,asegerc1@jimdo.com,Male,218.221.60.17
435,Pris,Flips,pflipsc2@networksolutions.com,Female,132.55.193.227
436,Antonina,Geale,agealec3@cam.ac.uk,Female,104.187.119.182
437,Renado,Brede,rbredec4@dailymail.co.uk,Male,11.204.154.46
438,Joanie,Abrahamian,jabrahamianc5@live.com,Female,63.146.77.3
439,Brent,Ridel,bridelc6@webs.com,Male,210.56.11.108
440,Noemi,Langhor,nlanghorc7@tripadvisor.com,Female,38.179.56.165
441,Griff,Colthard,gcolthardc8@mapquest.com,Male,203.60.40.249
442,Pincas,Redmile,predmilec9@merriam-webster.com,Male,212.24.203.61
443,Mirelle,Hoodlass,mhoodlassca@reverbnation.com,Female,207.29.254.14
444,Duky,Brambill,dbrambillcb@opensource.org,Male,171.104.142.89
445,Valentina,Whillock,vwhillockcc@fema.gov,Female,78.226.242.218
446,Forest,Coltart,fcoltartcd@accuweather.com,Male,226.153.180.81
447,Annecorinne,Hansemann,ahansemannce@sakura.ne.jp,Female,200.124.104.112
448,Toma,Brosenius,tbroseniuscf@yahoo.co.jp,Female,126.48.59.137
449,Guy,Wishkar,gwishkarcg@merriam-webster.com,Male,113.120.211.251
450,Jard,Ferreo,jferreoch@japanpost.jp,Male,67.67.134.243
451,Clarette,Valentinetti,cvalentinettici@vk.com,Female,186.112.214.193
452,Bibbye,Cutford,bcutfordcj@webmd.com,Female,73.100.242.176
453,Elly,Habberjam,ehabberjamck@squarespace.com,Female,86.80.15.99
454,Gene,Duplan,gduplancl@usnews.com,Female,66.202.125.117
455,Munroe,Hassett,mhassettcm@shutterfly.com,Male,180.231.208.164
456,Zachariah,Brickell,zbrickellcn@sina.com.cn,Male,162.250.226.61
457,Patrick,Jager,pjagerco@bbb.org,Male,174.203.106.163
458,Giustina,Dionisi,gdionisicp@ycombinator.com,Female,75.236.164.36
459,Johan,Chaldecott,jchaldecottcq@ebay.com,Male,154.112.9.161
460,Rosemaria,Alabone,ralabonecr@latimes.com,Female,47.26.23.246
461,Bartolomeo,O'Scannill,boscannillcs@weibo.com,Male,3.16.177.222
462,Charita,Hasker,chaskerct@soundcloud.com,Female,134.164.131.173
463,Eba,Gillings,egillingscu@youku.com,Female,206.172.200.138
464,Brocky,Gilbane,bgilbanecv@friendfeed.com,Male,127.237.212.123
465,Pammy,MacDermot,pmacdermotcw@linkedin.com,Female,130.10.9.69
466,Aldous,Varran,avarrancx@flickr.com,Male,33.144.242.133
467,Teodorico,Beaushaw,tbeaushawcy@constantcontact.com,Male,236.13.12.119
468,Susi,Duffield,sduffieldcz@gizmodo.com,Female,79.119.238.211
469,Deidre,Nixon,dnixond0@1688.com,Female,132.105.199.114
470,Sammie,Gratrex,sgratrexd1@instagram.com,Male,61.116.88.131
471,David,Hawkes,dhawkesd2@loc.gov,Male,77.174.252.74
472,Crawford,Sline,cslined3@yandex.ru,Male,53.164.144.104
473,Rebecca,Poluzzi,rpoluzzid4@mlb.com,Female,138.245.32.164
474,Alexandrina,Hellsdon,ahellsdond5@wordpress.org,Female,69.223.48.162
475,Clerc,Dummett,cdummettd6@mit.edu,Male,164.118.67.58
476,Zandra,O'Beirne,zobeirned7@dailymail.co.uk,Female,180.206.242.184
477,Merell,Bellefonte,mbellefonted8@theglobeandmail.com,Male,191.78.11.164
478,Free,Richfield,frichfieldd9@twitter.com,Male,150.84.181.158
479,Kenyon,Elwin,kelwinda@patch.com,Male,249.235.191.152
480,Eran,Skipsea,eskipseadb@europa.eu,Female,121.240.250.137
481,Marci,Deboo,mdeboodc@jigsy.com,Female,181.7.66.132
482,Craig,Angus,cangusdd@sbwire.com,Male,41.114.7.194
483,Carlina,Markson,cmarksonde@simplemachines.org,Female,83.30.129.80
484,Jeannette,Sarver,jsarverdf@flickr.com,Female,129.102.170.58
485,Elsworth,Southby,esouthbydg@cnn.com,Male,62.101.176.170
486,Ario,Chastand,achastanddh@paginegialle.it,Male,0.227.72.60
487,Jilleen,Rappoport,jrappoportdi@ihg.com,Female,125.132.222.12
488,Nissie,Robun,nrobundj@desdev.cn,Female,107.108.108.245
489,Billy,Hatherall,bhatheralldk@php.net,Male,67.9.51.244
490,Tabbatha,Krysztofiak,tkrysztofiakdl@paypal.com,Female,177.118.33.196
491,Camille,Richardet,crichardetdm@fotki.com,Female,177.139.246.156
492,Janette,Gilburt,jgilburtdn@icq.com,Female,102.61.35.194
493,Gordan,Barr,gbarrdo@reference.com,Male,9.218.29.252
494,Marybelle,Tiplady,mtipladydp@disqus.com,Female,8.251.34.30
495,Farley,LaBastida,flabastidadq@prlog.org,Male,32.223.232.64
496,Jenilee,Minall,jminalldr@yale.edu,Female,124.196.251.196
497,Brodie,Baudichon,bbaudichonds@chicagotribune.com,Male,190.3.226.138
498,Hinze,Pendle,hpendledt@newsvine.com,Male,245.171.32.120
499,Philippine,Steinhammer,psteinhammerdu@google.com.au,Female,28.204.227.7
500,Asa,O'Harney,aoharneydv@businesswire.com,Male,209.79.23.157
501,Kare,Chitty,kchittydw@jugem.jp,Female,232.151.253.144
502,Ritchie,Hakewell,rhakewelldx@nhs.uk,Male,241.50.68.25
503,Lani,Arnall,larnalldy@devhub.com,Female,252.79.236.6
504,Jefferson,Lowdes,jlowdesdz@epa.gov,Male,212.29.97.162
505,Lucina,Garwell,lgarwelle0@gov.uk,Female,152.165.238.151
506,Nessy,Mangeon,nmangeone1@msn.com,Female,48.61.100.24
507,Xever,Camden,xcamdene2@topsy.com,Male,125.233.184.145
508,Darrell,Doniso,ddonisoe3@github.io,Male,193.204.128.237
509,Teriann,Nice,tnicee4@angelfire.com,Female,238.173.162.144
510,Katerina,Sugge,ksuggee5@jugem.jp,Female,212.235.122.150
511,Regan,Aberdeen,raberdeene6@nbcnews.com,Male,131.196.193.39
512,Florance,Brea,fbreae7@marriott.com,Female,37.50.137.172
513,Benjy,Paulat,bpaulate8@oaic.gov.au,Male,252.99.44.172
514,Shurlocke,Royce,sroycee9@zdnet.com,Male,200.98.63.24
515,Kathye,Juschka,kjuschkaea@surveymonkey.com,Female,107.197.224.220
516,Jesselyn,Jenson,jjensoneb@php.net,Female,10.187.152.30
517,Valma,Tissington,vtissingtonec@miitbeian.gov.cn,Female,63.96.229.121
518,Ahmad,Friend,afriended@cnet.com,Male,198.109.218.81
519,Karlan,Bewshaw,kbewshawee@aol.com,Male,17.217.1.28
520,Donica,Brackenridge,dbrackenridgeef@yelp.com,Female,94.58.219.50
521,August,Legion,alegioneg@wsj.com,Male,17.69.196.145
522,Sapphira,Schindler,sschindlereh@amazon.com,Female,65.113.111.189
523,Marty,Prester,mpresterei@hubpages.com,Male,253.136.123.32
524,Tobiah,Yurikov,tyurikovej@sfgate.com,Male,255.0.211.243
525,Garrick,Waby,gwabyek@cnet.com,Male,97.28.233.180
526,Myrtice,Barette,mbaretteel@imageshack.us,Female,133.196.35.220
527,Cosimo,Kestle,ckestleem@alexa.com,Male,114.212.195.119
528,Farrel,Duffree,fduffreeen@domainmarket.com,Male,46.92.0.132
529,Lorilyn,Jose,ljoseeo@theglobeandmail.com,Female,21.22.74.197
530,Raffaello,Knapper,rknapperep@cnn.com,Male,50.32.163.104
531,Alvan,Brickner,abricknereq@adobe.com,Male,145.212.216.57
532,Zacherie,Holwell,zholweller@examiner.com,Male,245.23.159.122
533,Giuseppe,Coltman,gcoltmanes@lycos.com,Male,52.72.15.153
534,Morse,Vernon,mvernonet@smh.com.au,Male,252.89.178.253
535,Chickie,Beetles,cbeetleseu@ucla.edu,Male,175.85.31.3
536,Lauritz,Kennedy,lkennedyev@sakura.ne.jp,Male,125.123.30.46
537,Jessy,Furby,jfurbyew@booking.com,Female,178.46.17.116
538,Leonard,Beardmore,lbeardmoreex@symantec.com,Male,169.37.116.115
539,Tiphanie,Froschauer,tfroschauerey@amazon.co.jp,Female,128.242.186.63
540,Sandy,Quartley,squartleyez@cmu.edu,Female,7.52.184.228
541,Ingamar,Habercham,ihaberchamf0@bing.com,Male,135.14.138.19
542,Basilius,Tesdale,btesdalef1@livejournal.com,Male,195.160.13.50
543,Alessandra,Airey,aaireyf2@scientificamerican.com,Female,154.162.82.16
544,Kerianne,Melonby,kmelonbyf3@cnn.com,Female,81.241.63.0
545,Bamby,Sallan,bsallanf4@dedecms.com,Female,250.22.34.42
546,Simon,Hischke,shischkef5@engadget.com,Male,203.229.199.242
547,Maxi,Hargreave,mhargreavef6@cnn.com,Female,130.237.147.242
548,Augustine,Fawbert,afawbertf7@cornell.edu,Male,46.244.189.197
549,Helaina,Emmatt,hemmattf8@1und1.de,Female,109.136.173.91
550,Winifield,Silverman,wsilvermanf9@cnn.com,Male,25.199.39.231
551,Caryn,Bullant,cbullantfa@networksolutions.com,Female,54.210.14.147
552,Averell,Johnsee,ajohnseefb@phoca.cz,Male,88.137.183.97
553,Creighton,Baxendale,cbaxendalefc@drupal.org,Male,190.250.79.231
554,Lorianne,Merida,lmeridafd@mail.ru,Female,228.69.56.62
555,Mahmud,Mandre,mmandrefe@github.io,Male,127.64.136.163
556,Roland,Calyton,rcalytonff@comsenz.com,Male,5.49.142.11
557,Pate,Ashley,pashleyfg@yale.edu,Male,204.100.22.188
558,Ora,Biggen,obiggenfh@reddit.com,Female,216.173.176.153
559,Joseph,McGairl,jmcgairlfi@techcrunch.com,Male,234.74.200.255
560,Doreen,Tilburn,dtilburnfj@baidu.com,Female,229.247.81.127
561,Shawn,MacIntyre,smacintyrefk@webeden.co.uk,Male,57.106.103.133
562,Saunder,Chivrall,schivrallfl@webnode.com,Male,68.80.67.193
563,Grethel,McRobert,gmcrobertfm@si.edu,Female,242.48.22.237
564,Dell,Durrant,ddurrantfn@trellian.com,Female,103.61.175.163
565,Bartram,Tune,btunefo@desdev.cn,Male,177.236.82.234
566,Nathanael,Axe,naxefp@ameblo.jp,Male,72.53.167.133
567,Gabi,Ganforth,gganforthfq@mit.edu,Male,250.163.24.250
568,Teador,Franklen,tfranklenfr@ebay.co.uk,Male,212.168.227.214
569,Ursuline,Leynton,uleyntonfs@dailymotion.com,Female,205.3.114.100
570,Ingmar,Found,ifoundft@addtoany.com,Male,246.176.194.21
571,Elyn,Blackburne,eblackburnefu@topsy.com,Female,212.161.228.41
572,Gustaf,Yeardsley,gyeardsleyfv@about.me,Male,136.154.186.64
573,Kara-lynn,Sinkin,ksinkinfw@macromedia.com,Female,50.131.18.239
574,Tobye,Linthead,tlintheadfx@creativecommons.org,Female,22.97.148.130
575,Haze,Johananov,hjohananovfy@indiegogo.com,Male,42.44.45.130
576,Joyann,Carrack,jcarrackfz@csmonitor.com,Female,202.168.14.212
577,Perrine,Matantsev,pmatantsevg0@irs.gov,Female,22.111.58.203
578,Rica,Culkin,rculking1@webeden.co.uk,Female,95.154.99.41
579,Quinta,Bulch,qbulchg2@4shared.com,Female,38.253.100.52
580,Gisele,Burkwood,gburkwoodg3@latimes.com,Female,27.212.254.35
581,Reinhard,Blaszczynski,rblaszczynskig4@rambler.ru,Male,119.201.44.53
582,Blanca,Snell,bsnellg5@odnoklassniki.ru,Female,107.178.161.14
583,Levi,Heinke,lheinkeg6@goodreads.com,Male,81.118.73.91
584,Roana,Rustadge,rrustadgeg7@tumblr.com,Female,198.159.191.151
585,Maddy,Conelly,mconellyg8@gravatar.com,Male,144.122.125.82
586,Niccolo,Goutcher,ngoutcherg9@fda.gov,Male,198.50.46.253
587,Marlane,Di Maria,mdimariaga@360.cn,Female,233.88.166.26
588,Lesya,Pummell,lpummellgb@nature.com,Female,165.44.232.25
589,Esra,Troup,etroupgc@time.com,Male,5.59.193.43
590,Randy,Gully,rgullygd@github.io,Male,239.30.69.117
591,Arleta,Thornhill,athornhillge@123-reg.co.uk,Female,173.10.44.88
592,Edee,Sambell,esambellgf@examiner.com,Female,177.143.124.223
593,Kellie,MacGowing,kmacgowinggg@studiopress.com,Female,38.72.11.63
594,Mildred,McOrkil,mmcorkilgh@ehow.com,Female,31.8.2.67
595,Levey,Monger,lmongergi@drupal.org,Male,154.221.174.138
596,Conni,Thomel,cthomelgj@pcworld.com,Female,45.181.138.120
597,Erny,Espinet,eespinetgk@nyu.edu,Male,62.207.244.216
598,Celeste,Deane,cdeanegl@microsoft.com,Female,148.71.38.86
599,Frances,Bethune,fbethunegm@blogger.com,Female,100.179.122.161
600,Tabby,McAne,tmcanegn@nydailynews.com,Male,98.187.177.208
601,Harriette,Northridge,hnorthridgego@google.com.br,Female,113.225.107.38
602,Ignaz,Hamon,ihamongp@ox.ac.uk,Male,26.238.115.15
603,Mill,Thirlwell,mthirlwellgq@un.org,Male,69.88.13.0
604,Olympie,Simon,osimongr@trellian.com,Female,74.129.84.186
605,Andriana,Kilgallon,akilgallongs@nydailynews.com,Female,134.131.83.129
606,Nelli,Rottgers,nrottgersgt@bloglines.com,Female,104.66.75.81
607,Laurice,Penticost,lpenticostgu@shop-pro.jp,Female,22.230.45.35
608,Bren,Lotterington,blotteringtongv@dion.ne.jp,Female,23.177.198.243
609,Charil,Zanotti,czanottigw@alexa.com,Female,100.137.37.8
610,Annetta,Simmings,asimmingsgx@unicef.org,Female,61.83.103.180
611,Anatola,Clurow,aclurowgy@desdev.cn,Female,148.87.77.66
612,Donnamarie,Bukowski,dbukowskigz@businessinsider.com,Female,13.27.49.210
613,Hyacinthia,Franzoli,hfranzolih0@nsw.gov.au,Female,170.198.174.250
614,Muffin,Bahls,mbahlsh1@narod.ru,Male,164.94.58.37
615,Derk,Ceyssen,dceyssenh2@mail.ru,Male,5.83.213.22
616,Amara,Douthwaite,adouthwaiteh3@indiatimes.com,Female,57.127.54.8
617,Ruperto,Dumbrill,rdumbrillh4@cbc.ca,Male,80.204.229.233
618,Livvie,Boshell,lboshellh5@example.com,Female,136.116.43.225
619,Caressa,Reen,creenh6@themeforest.net,Female,2.82.247.70
620,Beryl,Jorger,bjorgerh7@comsenz.com,Female,195.152.143.34
621,Joellen,Hatt,jhatth8@google.es,Female,89.86.71.129
622,Maryann,Gallard,mgallardh9@china.com.cn,Female,72.140.149.17
623,Tonia,Gibke,tgibkeha@wp.com,Female,168.227.94.52
624,Lind,Mingey,lmingeyhb@slate.com,Male,207.95.109.87
625,Nealon,Still,nstillhc@smugmug.com,Male,12.28.250.164
626,Ruthe,Goligher,rgoligherhd@cpanel.net,Female,3.78.67.153
627,Annabal,Minney,aminneyhe@samsung.com,Female,132.176.63.181
628,Oates,Spradbery,ospradberyhf@europa.eu,Male,130.157.49.37
629,Marius,Wheway,mwhewayhg@bandcamp.com,Male,87.109.239.4
630,Melva,Windross,mwindrosshh@acquirethisname.com,Female,132.105.45.67
631,Alika,Ryman,arymanhi@nasa.gov,Female,28.122.96.182
632,Rafaellle,Burleton,rburletonhj@ebay.com,Male,115.114.28.211
633,Kaye,Sarch,ksarchhk@cnn.com,Female,59.251.84.16
634,Andeee,Jancik,ajancikhl@free.fr,Female,35.228.244.48
635,Brandi,Hallam,bhallamhm@blogspot.com,Female,233.214.186.58
636,Lida,McKennan,lmckennanhn@cbslocal.com,Female,4.19.110.18
637,Adrian,Deniset,adenisetho@engadget.com,Male,202.154.85.109
638,Philipa,Swiers,pswiershp@epa.gov,Female,117.79.63.105
639,Meade,Dannett,mdannetthq@mit.edu,Female,25.135.242.178
640,Ruddy,Sherred,rsherredhr@java.com,Male,82.72.174.227
641,Bill,Weildish,bweildishhs@ocn.ne.jp,Male,9.95.40.111
642,Joyous,Satchell,jsatchellht@youtu.be,Female,69.172.26.158
643,Lebbie,Merring,lmerringhu@etsy.com,Female,135.77.54.251
644,Desmond,Garnam,dgarnamhv@furl.net,Male,31.79.41.39
645,Pail,Dunstall,pdunstallhw@time.com,Male,77.49.121.162
646,Morley,Scartifield,mscartifieldhx@meetup.com,Male,150.130.139.181
647,Osmond,Axtens,oaxtenshy@gmpg.org,Male,131.182.232.42
648,Salli,Westover,swestoverhz@thetimes.co.uk,Female,139.30.105.123
649,Jonis,Flinn,jflinni0@nih.gov,Female,204.191.32.163
650,Jocko,Jorczyk,jjorczyki1@feedburner.com,Male,188.3.119.37
651,Mata,Tollemache,mtollemachei2@mac.com,Male,234.206.82.102
652,Siobhan,McLane,smclanei3@discovery.com,Female,3.129.109.64
653,Rahel,Trye,rtryei4@china.com.cn,Female,41.178.153.13
654,Giorgi,Laidlow,glaidlowi5@chronoengine.com,Male,146.249.6.230
655,Celeste,Yakunkin,cyakunkini6@boston.com,Female,4.234.92.176
656,Debee,MacKaig,dmackaigi7@moonfruit.com,Female,213.88.210.127
657,Reggis,Rodolfi,rrodolfii8@ibm.com,Male,160.97.169.15
658,Matteo,Mandal,mmandali9@netlog.com,Male,29.183.125.117
659,Raven,Dinning,rdinningia@loc.gov,Female,245.66.4.229
660,Gayle,Hazeldine,ghazeldineib@ustream.tv,Female,254.219.87.55
661,Sarena,Weepers,sweepersic@hibu.com,Female,194.168.29.184
662,Francklyn,Oakenford,foakenfordid@hhs.gov,Male,197.91.47.84
663,Merrick,Philipp,mphilippie@youku.com,Male,81.74.232.97
664,Hermie,Sim,hsimif@economist.com,Male,10.63.191.234
665,Perkin,Stead,psteadig@bing.com,Male,28.11.6.93
666,Idelle,Woodhouse,iwoodhouseih@senate.gov,Female,167.162.147.188
667,Jay,Lorkin,jlorkinii@un.org,Male,174.147.220.16
668,Karry,Guillet,kguilletij@harvard.edu,Female,81.157.66.18
669,Janelle,Farquarson,jfarquarsonik@scientificamerican.com,Female,63.116.190.81
670,Elvyn,Wager,ewageril@thetimes.co.uk,Male,235.187.192.247
671,Ruddy,Tysall,rtysallim@foxnews.com,Male,133.208.109.168
672,Pippy,Gagen,pgagenin@walmart.com,Female,23.224.125.58
673,Terencio,Enoch,tenochio@geocities.jp,Male,216.99.233.185
674,Wren,Farny,wfarnyip@studiopress.com,Female,46.82.68.41
675,Othello,MacGarvey,omacgarveyiq@alibaba.com,Male,168.6.229.25
676,Rudolph,Batty,rbattyir@mac.com,Male,32.3.102.182
677,Tova,Telega,ttelegais@noaa.gov,Female,211.142.252.166
678,Farlay,Gercken,fgerckenit@abc.net.au,Male,181.71.126.123
679,Shannon,Creany,screanyiu@sina.com.cn,Male,56.235.14.86
680,Bernardo,Carradice,bcarradiceiv@yolasite.com,Male,199.225.224.35
681,Floria,Wincer,fwinceriw@cargocollective.com,Female,254.248.49.216
682,Chloe,Conaghy,cconaghyix@github.io,Female,26.203.202.119
683,Bartholemy,Cockett,bcockettiy@nationalgeographic.com,Male,119.68.224.184
684,Prent,Vaune,pvauneiz@wp.com,Male,240.141.17.218
685,Karlene,Constantinou,kconstantinouj0@census.gov,Female,158.33.26.83
686,Berti,Woodley,bwoodleyj1@studiopress.com,Male,137.230.37.70
687,Robers,Waistall,rwaistallj2@youtube.com,Male,91.124.110.185
688,Kessiah,Pococke,kpocockej3@msn.com,Female,212.141.38.192
689,Tonye,Lethbridge,tlethbridgej4@google.fr,Female,161.237.230.101
690,Verla,Reiner,vreinerj5@goo.ne.jp,Female,238.143.75.3
691,Ellie,Falkingham,efalkinghamj6@auda.org.au,Female,248.248.21.26
692,Caspar,Martinelli,cmartinellij7@xrea.com,Male,175.26.6.152
693,Tabor,Henrys,thenrysj8@webeden.co.uk,Male,195.179.77.167
694,Suzanna,Brittin,sbrittinj9@guardian.co.uk,Female,194.155.88.60
695,Gearalt,Yearne,gyearneja@prweb.com,Male,231.191.73.68
696,Catha,Rhucroft,crhucroftjb@constantcontact.com,Female,238.149.96.220
697,Zebedee,Northrop,znorthropjc@nyu.edu,Male,224.31.27.83
698,Anica,Clother,aclotherjd@china.com.cn,Female,194.39.212.237
699,Glenn,Buzine,gbuzineje@census.gov,Female,90.34.20.99
700,Lyell,Toman,ltomanjf@jigsy.com,Male,217.154.120.73
701,Marrilee,Antham,manthamjg@redcross.org,Female,220.127.255.245
702,Wilona,Ondrak,wondrakjh@businesswire.com,Female,87.121.124.18
703,Staford,Dagg,sdaggji@cdbaby.com,Male,112.101.106.60
704,Christabel,Andre,candrejj@accuweather.com,Female,44.46.70.94
705,Tova,MacPhaden,tmacphadenjk@nyu.edu,Female,29.175.77.22
706,Janean,Duetsche,jduetschejl@ovh.net,Female,66.130.88.102
707,Ann-marie,Tamburo,atamburojm@dyndns.org,Female,0.166.5.215
708,Elnar,Corbert,ecorbertjn@usatoday.com,Male,197.59.48.134
709,Napoleon,Petticrow,npetticrowjo@umn.edu,Male,239.216.27.185
710,Valera,McGeagh,vmcgeaghjp@rediff.com,Female,238.238.88.185
711,Lissie,Lensch,llenschjq@noaa.gov,Female,119.196.104.110
712,Cly,Ruse,crusejr@biglobe.ne.jp,Male,235.42.113.200
713,Christyna,Binge,cbingejs@mlb.com,Female,43.10.206.87
714,Winifred,Conelly,wconellyjt@indiatimes.com,Female,96.8.155.174
715,Inigo,Richardes,irichardesju@msn.com,Male,22.28.47.27
716,Crystie,Trusse,ctrussejv@ocn.ne.jp,Female,71.48.11.93
717,Hally,Fanshaw,hfanshawjw@eventbrite.com,Female,247.222.45.1
718,Philip,Fripp,pfrippjx@fc2.com,Male,16.154.117.80
719,Conn,Slyford,cslyfordjy@ucoz.ru,Male,138.194.66.210
720,Minerva,Lanfranchi,mlanfranchijz@tripod.com,Female,78.205.209.21
721,Otha,Blacktin,oblacktink0@scientificamerican.com,Female,43.63.151.75
722,Pippo,Marchi,pmarchik1@naver.com,Male,103.215.204.216
723,Alexander,McEntegart,amcentegartk2@tamu.edu,Male,143.202.86.183
724,Lanny,Leonarde,lleonardek3@usgs.gov,Male,22.88.253.152
725,Rivy,Bannon,rbannonk4@utexas.edu,Female,27.172.43.149
726,Jerrine,Cozens,jcozensk5@cam.ac.uk,Female,106.224.189.103
727,Kerwinn,Bellew,kbellewk6@aol.com,Male,202.162.115.237
728,Shandra,Manuello,smanuellok7@mapquest.com,Female,226.195.46.199
729,Trevor,Tourot,ttourotk8@ask.com,Male,18.50.3.251
730,Mechelle,Rembrandt,mrembrandtk9@hatena.ne.jp,Female,135.179.181.89
731,Andros,McGrorty,amcgrortyka@bandcamp.com,Male,227.212.94.51
732,Omar,Copp,ocoppkb@un.org,Male,233.185.214.251
733,Neddy,Kearley,nkearleykc@nationalgeographic.com,Male,124.119.57.95
734,Thatcher,Levesque,tlevesquekd@wsj.com,Male,23.84.135.118
735,Bidget,Anthonies,banthonieske@uol.com.br,Female,141.100.93.203
736,Luke,McConnel,lmcconnelkf@bloomberg.com,Male,28.79.17.52
737,Lori,Soppit,lsoppitkg@nsw.gov.au,Female,110.191.221.178
738,Sunny,Niezen,sniezenkh@java.com,Male,128.189.208.60
739,Niven,Harman,nharmanki@e-recht24.de,Male,160.29.137.192
740,Ignatius,Santoro,isantorokj@360.cn,Male,199.118.155.66
741,Ingaberg,Bestwerthick,ibestwerthickkk@eventbrite.com,Female,244.74.51.125
742,Rubi,Duchasteau,rduchasteaukl@php.net,Female,238.52.93.175
743,Gifford,Pyner,gpynerkm@washingtonpost.com,Male,231.93.7.194
744,Porter,Yakobovitz,pyakobovitzkn@feedburner.com,Male,255.62.40.133
745,Elane,Vayne,evayneko@google.co.uk,Female,9.147.62.138
746,Nessy,Samber,nsamberkp@surveymonkey.com,Female,101.35.57.220
747,Conn,Gregol,cgregolkq@last.fm,Male,221.232.188.53
748,Josephine,Townsend,jtownsendkr@pen.io,Female,172.90.169.115
749,Tully,Brafield,tbrafieldks@elpais.com,Male,232.213.97.254
750,Dorrie,Cragoe,dcragoekt@fotki.com,Female,243.231.66.80
751,Bertie,Lovat,blovatku@cbc.ca,Male,246.229.97.155
752,Antoni,Pyle,apylekv@telegraph.co.uk,Male,171.12.250.74
753,Cece,Timmons,ctimmonskw@hao123.com,Male,102.73.163.97
754,Theressa,Albion,talbionkx@state.tx.us,Female,236.152.172.247
755,Matty,Phalp,mphalpky@addthis.com,Male,53.8.14.198
756,Carter,Stopper,cstopperkz@drupal.org,Male,188.6.217.126
757,Guillaume,Davidoff,gdavidoffl0@businessweek.com,Male,220.138.88.158
758,Wallis,Glentz,wglentzl1@reuters.com,Female,230.2.93.136
759,Pietra,Meadows,pmeadowsl2@nbcnews.com,Female,2.165.177.175
760,Othella,Magner,omagnerl3@altervista.org,Female,39.36.58.239
761,Emerson,Buller,ebullerl4@slate.com,Male,174.234.180.88
762,Lonnie,Tythacott,ltythacottl5@goodreads.com,Male,138.226.186.115
763,Lockwood,Broady,lbroadyl6@bbb.org,Male,152.17.119.121
764,Trstram,Simner,tsimnerl7@wired.com,Male,245.84.238.0
765,Hernando,Starcks,hstarcksl8@dyndns.org,Male,41.233.195.210
766,Stewart,Wheelwright,swheelwrightl9@wired.com,Male,242.3.158.18
767,Dunc,Pinching,dpinchingla@discovery.com,Male,239.104.46.159
768,Kristyn,Farndell,kfarndelllb@hibu.com,Female,136.59.236.161
769,Nonah,Flye,nflyelc@slate.com,Female,75.249.36.188
770,Hinze,Tassaker,htassakerld@wsj.com,Male,119.163.166.178
771,Ardyce,Bille,abillele@usatoday.com,Female,181.220.215.146
772,Heather,Tetlow,htetlowlf@guardian.co.uk,Female,78.163.77.177
773,Lonnie,Hafner,lhafnerlg@tripod.com,Male,52.240.40.109
774,Romola,Sholem,rsholemlh@paginegialle.it,Female,222.106.25.228
775,Melanie,Jex,mjexli@cpanel.net,Female,116.174.150.111
776,Rockie,Spieck,rspiecklj@timesonline.co.uk,Male,164.239.222.180
777,Sammy,Hasnney,shasnneylk@51.la,Male,169.38.133.43
778,Anson,Charsley,acharsleyll@com.com,Male,27.239.89.196
779,Harriet,Kobelt,hkobeltlm@xinhuanet.com,Female,137.78.249.23
780,Huberto,Leete,hleeteln@digg.com,Male,165.101.253.49
781,Ilaire,Santer,isanterlo@arstechnica.com,Male,183.151.236.87
782,Sigmund,Munton,smuntonlp@thetimes.co.uk,Male,160.65.200.207
783,Caritta,Shinton,cshintonlq@privacy.gov.au,Female,255.115.217.49
784,Penny,Lambal,plamballr@tinyurl.com,Male,60.78.10.226
785,Aloysia,MacPhaden,amacphadenls@forbes.com,Female,54.87.1.4
786,Tessi,De Brett,tdebrettlt@storify.com,Female,125.50.113.200
787,Con,Grouer,cgrouerlu@example.com,Female,24.241.243.213
788,Granthem,Skacel,gskacellv@icio.us,Male,221.62.108.172
789,Mia,Pughsley,mpughsleylw@shop-pro.jp,Female,160.178.69.213
790,Hobey,Mattusevich,hmattusevichlx@posterous.com,Male,228.237.239.37
791,Scotti,Magwood,smagwoodly@java.com,Male,200.163.116.5
792,Otto,Rohlfs,orohlfslz@usnews.com,Male,207.59.69.228
793,Clyde,Cleve,cclevem0@cpanel.net,Male,217.204.248.238
794,Elvera,Petrichat,epetrichatm1@archive.org,Female,37.228.83.0
795,Ronny,Fishe,rfishem2@sfgate.com,Male,74.7.240.31
796,Emilio,Bonham,ebonhamm3@cloudflare.com,Male,34.30.144.63
797,Arel,Cogzell,acogzellm4@163.com,Male,143.118.69.61
798,Lian,Segot,lsegotm5@cyberchimps.com,Female,232.251.185.191
799,Alard,Salthouse,asalthousem6@1688.com,Male,153.66.21.152
800,Eda,Rack,erackm7@dropbox.com,Female,94.97.196.7
801,Oswell,Boulding,obouldingm8@free.fr,Male,246.132.37.149
802,Eveleen,Duddridge,eduddridgem9@newsvine.com,Female,147.178.65.28
803,Brett,Vlasyuk,bvlasyukma@cloudflare.com,Male,82.103.13.49
804,Hube,Onslow,honslowmb@princeton.edu,Male,10.180.31.249
805,Gerianne,Giacovelli,ggiacovellimc@altervista.org,Female,24.243.98.112
806,Reagen,Deaville,rdeavillemd@unicef.org,Male,117.232.96.12
807,Kellby,O'Sullivan,kosullivanme@hibu.com,Male,82.64.31.148
808,Obidiah,Gindghill,ogindghillmf@bravesites.com,Male,188.228.246.164
809,Lexis,Weepers,lweepersmg@ibm.com,Female,139.227.51.140
810,Shellie,Harlett,sharlettmh@hatena.ne.jp,Female,190.235.77.78
811,Renie,Ecclestone,recclestonemi@jugem.jp,Female,95.161.65.158
812,Vaclav,Downes,vdownesmj@webeden.co.uk,Male,61.26.67.84
813,Malissia,Rentoll,mrentollmk@godaddy.com,Female,186.163.211.202
814,Nanete,Lyttle,nlyttleml@goodreads.com,Female,169.212.99.142
815,Norman,Mitchell,nmitchellmm@omniture.com,Male,135.5.154.116
816,Magda,Chatel,mchatelmn@upenn.edu,Female,203.80.158.204
817,Tamarra,Petigrew,tpetigrewmo@livejournal.com,Female,32.211.28.236
818,Kenn,Strathern,kstrathernmp@sina.com.cn,Male,214.211.214.107
819,Randy,Vasse,rvassemq@disqus.com,Male,231.252.199.250
820,Chrissie,Heeley,cheeleymr@patch.com,Male,172.105.251.105
821,Giacobo,Blench,gblenchms@geocities.com,Male,206.168.165.211
822,Clemmie,Jacquot,cjacquotmt@yellowbook.com,Female,242.207.81.185
823,Gilbertine,Forsdike,gforsdikemu@hubpages.com,Female,17.205.19.121
824,Delmor,Spridgen,dspridgenmv@vistaprint.com,Male,48.37.221.200
825,Torrence,Beeres,tbeeresmw@live.com,Male,139.128.132.232
826,Lonna,Brayfield,lbrayfieldmx@microsoft.com,Female,105.43.86.212
827,Lorne,Lochhead,llochheadmy@wunderground.com,Female,218.30.37.17
828,Agretha,Brindle,abrindlemz@reference.com,Female,1.157.212.197
829,Astrix,Sarfass,asarfassn0@nifty.com,Female,97.147.24.169
830,Noelyn,Owttrim,nowttrimn1@apache.org,Female,78.182.141.227
831,Ingaborg,Waye,iwayen2@jimdo.com,Female,219.225.243.3
832,Drusy,Itzhaiek,ditzhaiekn3@webnode.com,Female,16.219.253.123
833,Sonya,De Giorgis,sdegiorgisn4@freewebs.com,Female,154.155.149.188
834,Marina,Harrisson,mharrissonn5@smh.com.au,Female,7.222.189.62
835,Barbette,Stallwood,bstallwoodn6@businesswire.com,Female,166.86.45.190
836,Harland,Verman,hvermann7@nba.com,Male,111.113.238.175
837,Craig,Lethbridge,clethbridgen8@icio.us,Male,136.143.245.106
838,Emmalynn,Pyvis,epyvisn9@furl.net,Female,242.175.174.162
839,Elsbeth,Byas,ebyasna@about.me,Female,81.220.124.29
840,Leonidas,Ilyasov,lilyasovnb@xing.com,Male,17.68.163.186
841,Ransom,Willoughey,rwillougheync@google.ru,Male,238.228.198.67
842,Ynes,Diviny,ydivinynd@xrea.com,Female,147.88.161.85
843,Ferdy,Kenson,fkensonne@alibaba.com,Male,214.201.69.142
844,Earle,Ealden,eealdennf@mac.com,Male,157.152.163.51
845,Leslie,Buzine,lbuzineng@hud.gov,Female,121.161.179.7
846,Sisile,Oscroft,soscroftnh@miibeian.gov.cn,Female,145.99.44.233
847,Dora,Elener,delenerni@t.co,Female,87.133.82.2
848,Allie,Couronne,acouronnenj@fastcompany.com,Female,94.236.158.243
849,Abram,Shaw,ashawnk@free.fr,Male,251.54.254.1
850,Curry,Marley,cmarleynl@ycombinator.com,Male,69.9.157.191
851,Lezlie,Boast,lboastnm@seesaa.net,Female,211.32.6.151
852,Anjela,Seeviour,aseeviournn@biblegateway.com,Female,234.129.85.138
853,Beret,Downey,bdowneyno@e-recht24.de,Female,166.248.166.124
854,Nert,Klehn,nklehnnp@bloomberg.com,Female,106.50.49.171
855,Deck,Exton,dextonnq@businesswire.com,Male,11.24.171.234
856,Briggs,Scarth,bscarthnr@usgs.gov,Male,143.148.175.201
857,Juan,Wincom,jwincomns@free.fr,Male,107.33.10.168
858,Huntley,Labern,hlabernnt@comcast.net,Male,22.88.161.74
859,Mace,Shallcross,mshallcrossnu@liveinternet.ru,Male,2.32.176.214
860,Damita,Morhall,dmorhallnv@go.com,Female,221.16.25.220
861,Egan,Extance,eextancenw@printfriendly.com,Male,225.175.67.231
862,Gnni,Gartenfeld,ggartenfeldnx@ifeng.com,Female,12.34.20.174
863,Sherline,Rowlett,srowlettny@tmall.com,Female,149.225.42.170
864,Allyson,Moulsdale,amoulsdalenz@admin.ch,Female,98.122.225.131
865,Robbie,Dmiterko,rdmiterkoo0@hao123.com,Female,250.62.41.136
866,Bessie,Berntssen,bberntsseno1@friendfeed.com,Female,138.56.128.210
867,Horst,Morpeth,hmorpetho2@tumblr.com,Male,99.252.192.170
868,Waly,Latey,wlateyo3@joomla.org,Female,178.229.193.38
869,Dex,Dampney,ddampneyo4@yelp.com,Male,206.95.218.59
870,Benoite,Elverston,belverstono5@prlog.org,Female,170.170.188.246
871,Evaleen,Glasgow,eglasgowo6@answers.com,Female,62.86.63.60
872,Emmalynn,Trask,etrasko7@sciencedirect.com,Female,106.81.103.30
873,Ardra,Heindl,aheindlo8@ow.ly,Female,133.105.5.164
874,Anitra,Crummay,acrummayo9@hhs.gov,Female,53.114.217.242
875,Cori,Pennycook,cpennycookoa@google.com,Male,50.99.142.113
876,Evaleen,Pedrocchi,epedrocchiob@ihg.com,Female,197.15.111.59
877,Ab,Baudesson,abaudessonoc@wikimedia.org,Male,136.207.81.129
878,Min,Renac,mrenacod@china.com.cn,Female,133.40.108.76
879,Horst,Gross,hgrossoe@51.la,Male,220.176.131.151
880,Elonore,Bytheway,ebythewayof@vinaora.com,Female,144.130.3.159
881,Bernardo,Moorwood,bmoorwoodog@blogtalkradio.com,Male,242.177.119.129
882,Robinet,Raubenheimer,rraubenheimeroh@fotki.com,Female,51.64.93.1
883,Lamont,Allatt,lallattoi@reverbnation.com,Male,255.241.11.218
884,Oswald,Faust,ofaustoj@adobe.com,Male,165.166.122.110
885,Joe,Pitrasso,jpitrassook@buzzfeed.com,Male,224.28.239.21
886,Pebrook,Jahns,pjahnsol@apple.com,Male,0.129.41.217
887,Dwain,Cremins,dcreminsom@furl.net,Male,220.82.122.140
888,Peder,Norquay,pnorquayon@hexun.com,Male,181.66.13.28
889,Mason,Ghidotti,mghidottioo@scribd.com,Male,184.5.33.51
890,Adan,Coverlyn,acoverlynop@mtv.com,Male,92.174.76.140
891,Franchot,Uccello,fuccellooq@google.fr,Male,242.61.219.240
892,Miguelita,Vassay,mvassayor@japanpost.jp,Female,11.235.17.35
893,Brigitta,Delph,bdelphos@independent.co.uk,Female,16.197.27.114
894,Erek,Traut,etrautot@google.es,Male,21.249.44.33
895,Scottie,Barbe,sbarbeou@yandex.ru,Male,214.170.143.213
896,Phylys,Marquet,pmarquetov@addthis.com,Female,98.210.22.194
897,Fredia,Snawdon,fsnawdonow@va.gov,Female,167.84.9.43
898,Keith,Jamieson,kjamiesonox@indiatimes.com,Male,169.58.112.32
899,Simon,Sharman,ssharmanoy@geocities.jp,Male,199.68.65.201
900,Saxon,Verheijden,sverheijdenoz@sfgate.com,Male,81.71.143.115
901,Frannie,Rapinett,frapinettp0@washington.edu,Male,47.196.63.146
902,Carmine,Pickaver,cpickaverp1@loc.gov,Male,163.162.184.25
903,Findley,Navarro,fnavarrop2@cam.ac.uk,Male,59.26.11.108
904,Cindee,Meneo,cmeneop3@people.com.cn,Female,180.118.188.86
905,Heidie,Mayman,hmaymanp4@alibaba.com,Female,34.86.197.7
906,Fernande,Ross,frossp5@last.fm,Female,243.234.73.108
907,Webster,Haylands,whaylandsp6@reuters.com,Male,229.126.9.57
908,Abramo,Higgonet,ahiggonetp7@cdbaby.com,Male,158.25.126.200
909,Danika,Fraczek,dfraczekp8@netvibes.com,Female,243.35.174.222
910,Nydia,Croyser,ncroyserp9@twitpic.com,Female,81.48.194.183
911,Chucho,Leftbridge,cleftbridgepa@mit.edu,Male,236.37.166.29
912,Ainslee,Gardiner,agardinerpb@abc.net.au,Female,10.13.5.72
913,Gary,Tolmie,gtolmiepc@ftc.gov,Male,114.114.95.65
914,Katinka,Leachman,kleachmanpd@cdbaby.com,Female,240.9.100.130
915,Guenna,Dobbyn,gdobbynpe@geocities.com,Female,20.121.70.182
916,Dorian,Sallan,dsallanpf@thetimes.co.uk,Female,210.162.253.47
917,Leo,Ellinor,lellinorpg@intel.com,Male,111.18.60.44
918,Sheryl,Gabe,sgabeph@msu.edu,Female,113.105.136.25
919,Padriac,Ralston,pralstonpi@booking.com,Male,128.21.191.51
920,Raychel,Luther,rlutherpj@etsy.com,Female,38.238.118.218
921,Virginia,Dumbleton,vdumbletonpk@virginia.edu,Female,144.182.52.169
922,Lenci,McKean,lmckeanpl@dot.gov,Male,117.96.219.9
923,Ozzie,Baudino,obaudinopm@yellowbook.com,Male,103.192.85.87
924,Joella,Wackett,jwackettpn@eepurl.com,Female,203.216.254.50
925,Bernard,Bromont,bbromontpo@dot.gov,Male,0.165.233.182
926,Caterina,Worsnap,cworsnappp@cocolog-nifty.com,Female,175.125.247.140
927,Laurene,Zellmer,lzellmerpq@edublogs.org,Female,67.131.21.131
928,Bruce,Fawlo,bfawlopr@vkontakte.ru,Male,93.253.11.10
929,Carrie,Loding,clodingps@geocities.jp,Female,148.2.37.168
930,Roxanne,Hagergham,rhagerghampt@angelfire.com,Female,243.247.122.187
931,Florrie,Buesden,fbuesdenpu@youtube.com,Female,58.147.14.57
932,Giordano,Bodemeaid,gbodemeaidpv@house.gov,Male,222.24.115.147
933,Daisi,Borris,dborrispw@wiley.com,Female,13.68.45.24
934,Amata,Wehden,awehdenpx@slideshare.net,Female,117.66.165.99
935,Red,Haeslier,rhaeslierpy@amazonaws.com,Male,63.38.197.11
936,Melamie,Dradey,mdradeypz@artisteer.com,Female,59.185.213.49
937,Pepe,Rawling,prawlingq0@technorati.com,Male,176.10.213.171
938,Obadiah,Edgeworth,oedgeworthq1@uol.com.br,Male,82.141.74.154
939,Gabbie,Gascar,ggascarq2@tmall.com,Female,141.243.251.144
940,Helge,Reiach,hreiachq3@usatoday.com,Female,95.0.151.204
941,Luigi,Ivain,livainq4@jugem.jp,Male,238.165.186.127
942,Rozamond,Gasparro,rgasparroq5@amazonaws.com,Female,121.112.174.52
943,Rodrick,Sliman,rslimanq6@purevolume.com,Male,246.178.131.224
944,Nicki,Pennino,npenninoq7@smugmug.com,Female,176.135.46.48
945,Crissy,Faull,cfaullq8@altervista.org,Female,169.122.62.230
946,Juditha,Pulley,jpulleyq9@miibeian.gov.cn,Female,90.78.180.12
947,Lilith,Georgeou,lgeorgeouqa@google.co.uk,Female,215.118.58.250
948,Letizia,Chesterton,lchestertonqb@rambler.ru,Female,226.133.57.213
949,Ardyce,Rubertis,arubertisqc@123-reg.co.uk,Female,134.139.112.148
950,Adelaida,Clace,aclaceqd@slate.com,Female,52.39.79.194
951,Clo,Paffley,cpaffleyqe@mozilla.com,Female,221.61.31.23
952,Kristofor,Cradey,kcradeyqf@microsoft.com,Male,19.126.162.188
953,Norbie,Kilford,nkilfordqg@topsy.com,Male,79.38.187.245
954,Alberta,Mirrlees,amirrleesqh@yahoo.co.jp,Female,232.98.241.15
955,Demetri,Rimbault,drimbaultqi@netlog.com,Male,158.150.245.66
956,Dimitry,Lumsdaine,dlumsdaineqj@yolasite.com,Male,48.65.174.230
957,Ella,Atheis,eatheisqk@technorati.com,Female,60.105.85.133
958,Patrizia,Giacomucci,pgiacomucciql@google.ca,Female,100.210.93.122
959,Maury,Yelden,myeldenqm@google.com.br,Male,171.175.160.207
960,Jermayne,Overpool,joverpoolqn@apple.com,Male,240.251.193.183
961,Taddeo,Pottinger,tpottingerqo@state.tx.us,Male,69.50.102.13
962,Ronnie,Stroulger,rstroulgerqp@mashable.com,Male,71.222.248.94
963,Dunn,Rawstorn,drawstornqq@yellowbook.com,Male,251.103.205.57
964,Jim,McGillacoell,jmcgillacoellqr@unicef.org,Male,18.144.233.112
965,Martie,Python,mpythonqs@ezinearticles.com,Female,223.57.162.128
966,Windham,Turbard,wturbardqt@qq.com,Male,213.38.126.168
967,Hulda,Grzeszczyk,hgrzeszczykqu@youtube.com,Female,35.125.251.208
968,Vivienne,Fawlks,vfawlksqv@illinois.edu,Female,60.228.18.40
969,Fran,Reinbach,freinbachqw@sohu.com,Male,121.46.120.73
970,Issie,Shadfourth,ishadfourthqx@wikimedia.org,Female,14.93.219.24
971,Richy,Clemits,rclemitsqy@ihg.com,Male,241.31.99.123
972,Martin,Bater,mbaterqz@facebook.com,Male,234.152.129.165
973,Guss,Everard,geverardr0@who.int,Male,160.1.100.117
974,Julianna,Cheasman,jcheasmanr1@mac.com,Female,67.41.113.249
975,Petr,Behagg,pbehaggr2@goo.gl,Male,16.48.246.131
976,Jenilee,McGilvary,jmcgilvaryr3@networksolutions.com,Female,187.1.29.97
977,Kassia,Chretien,kchretienr4@ameblo.jp,Female,40.136.120.165
978,Dreddy,Ander,danderr5@plala.or.jp,Female,14.236.250.217
979,Fitzgerald,Grayer,fgrayerr6@tinyurl.com,Male,86.239.50.244
980,Gorden,Faulks,gfaulksr7@arizona.edu,Male,57.226.91.97
981,Bren,Surman-Wells,bsurmanwellsr8@sitemeter.com,Male,90.89.74.182
982,Delaney,Dunridge,ddunridger9@buzzfeed.com,Male,107.98.217.36
983,Wanids,Lagneaux,wlagneauxra@newsvine.com,Female,119.147.152.126
984,Jan,Nutting,jnuttingrb@va.gov,Female,105.203.114.131
985,Jon,Darinton,jdarintonrc@businesswire.com,Male,82.156.87.183
986,Dru,Johanssen,djohanssenrd@ucoz.ru,Male,32.158.10.77
987,Curt,Weins,cweinsre@intel.com,Male,12.172.57.90
988,Zondra,Comrie,zcomrierf@fda.gov,Female,11.74.204.112
989,Barbabas,Jekel,bjekelrg@chron.com,Male,183.199.65.229
990,Urban,Davidai,udavidairh@youku.com,Male,245.219.216.111
991,Evie,Jakov,ejakovri@seesaa.net,Female,93.161.139.87
992,Livia,Swann,lswannrj@nbcnews.com,Female,29.100.47.162
993,Berkley,Trundle,btrundlerk@bing.com,Male,47.33.62.136
994,Iona,Tapscott,itapscottrl@edublogs.org,Female,218.108.184.101
995,Bram,Iffe,bifferm@dropbox.com,Male,113.239.103.242
996,Winny,Rother,wrotherrn@ehow.com,Female,39.195.59.232
997,Aarika,Dryden,adrydenro@chronoengine.com,Female,27.136.195.248
998,Bondon,Wissbey,bwissbeyrp@csmonitor.com,Male,203.138.75.133
999,Dyana,Gouge,dgougerq@huffingtonpost.com,Female,21.130.0.59
1000,Reinaldos,Karpinski,rkarpinskirr@ebay.com,Male,242.30.25.241
